City_ID,City,Country,Date,Lat,Lng,Max Temp,Humidity,Cloudiness,Wind Speed
0,Rikitea,PF,2020-10-30 23:30:06,-23.12,-134.97,76.21,64,0,3.87
1,Belmonte,BR,2020-10-30 23:31:20,-15.86,-38.88,77.0,83,0,6.93
2,Jamestown,US,2020-10-30 23:31:20,42.1,-79.24,36.0,98,90,4.61
3,Albany,US,2020-10-30 23:28:34,42.6,-73.97,33.01,88,79,3.29
4,Wufeng,CN,2020-10-30 23:31:21,27.45,104.83,46.99,100,100,3.58
5,Berlevag,NO,2020-10-30 23:28:15,70.86,29.09,28.4,86,75,10.29
6,Ende,ID,2020-10-30 23:31:21,-8.84,121.66,83.62,68,72,1.88
7,Ushuaia,AR,2020-10-30 23:27:14,-54.8,-68.3,50.0,71,75,20.8
8,Hilo,US,2020-10-30 23:30:10,19.73,-155.09,84.2,70,90,8.05
9,Sioux Lookout,CA,2020-10-30 23:31:21,50.1,-91.92,30.2,74,90,10.29
10,Pisco,PE,2020-10-30 23:31:19,-13.7,-76.22,64.4,77,40,9.17
11,Dingle,PH,2020-10-30 23:30:59,11.0,122.67,80.94,86,100,11.01
12,Geraldton,AU,2020-10-30 23:31:22,-28.77,114.6,69.8,77,90,10.29
13,Burnie,AU,2020-10-30 23:31:22,-41.07,145.92,64.0,55,28,3.0
14,Butaritari,KI,2020-10-30 23:31:22,3.07,172.79,82.56,77,72,20.2
15,Viesca,MX,2020-10-30 23:31:22,25.35,-102.8,78.8,24,20,3.15
16,Ulaangom,MN,2020-10-30 23:31:23,49.98,92.07,23.85,92,56,0.4
17,Mataura,NZ,2020-10-30 23:31:23,-46.19,168.86,54.0,98,100,11.99
18,Port Alfred,ZA,2020-10-30 23:31:23,-33.59,26.89,60.48,62,86,3.18
19,Cidreira,BR,2020-10-30 23:31:23,-30.18,-50.21,64.6,66,80,11.39
20,Hithadhoo,MV,2020-10-30 23:30:35,-0.6,73.08,83.08,76,90,10.09
21,Prince Rupert,CA,2020-10-30 23:31:24,54.32,-130.32,48.2,66,20,3.36
22,Mar Del Plata,AR,2020-10-30 23:27:46,-38.0,-57.56,57.0,81,0,4.7
23,Arraial Do Cabo,BR,2020-10-30 23:31:24,-22.97,-42.03,70.81,88,100,33.06
24,Grand Island,US,2020-10-30 23:30:04,40.92,-98.34,64.4,34,1,10.29
25,Cherskiy,RU,2020-10-30 23:31:24,68.75,161.3,6.42,91,100,5.55
26,Busselton,AU,2020-10-30 23:31:25,-33.65,115.33,70.0,64,15,7.61
27,Hobyo,SO,2020-10-30 23:31:25,5.35,48.53,80.37,78,36,11.23
28,Puerto Ayora,EC,2020-10-30 23:31:26,-0.74,-90.35,70.0,93,66,4.0
29,Hermanus,ZA,2020-10-30 23:30:12,-34.42,19.23,45.0,91,0,11.86
30,Hobart,AU,2020-10-30 23:31:26,-42.88,147.33,64.99,58,20,5.82
31,Kholtoson,RU,2020-10-30 23:31:26,50.3,103.31,18.16,86,68,3.56
32,Vaini,TO,2020-10-30 23:31:27,-21.2,-175.2,77.0,73,40,13.87
33,Hami,CN,2020-10-30 23:31:27,42.8,93.45,33.03,76,0,5.03
34,Lorengau,PG,2020-10-30 23:31:27,-2.02,147.27,86.13,63,96,0.54
35,Mazatlan,MX,2020-10-30 23:27:56,23.22,-106.42,87.8,48,40,9.17
36,San Patricio,US,2020-10-30 23:30:52,28.02,-97.52,68.0,45,20,10.29
37,Shiyan,CN,2020-10-30 23:31:28,32.65,110.78,58.05,84,100,3.09
38,Klaksvik,FO,2020-10-30 23:30:35,62.23,-6.59,48.2,81,24,17.22
39,Eyl,SO,2020-10-30 23:31:28,7.98,49.82,80.15,75,23,10.85
40,Carnarvon,AU,2020-10-30 23:31:28,-24.87,113.63,73.4,78,90,2.24
41,Bredasdorp,ZA,2020-10-30 23:31:29,-34.53,20.04,48.2,81,5,2.24
42,Barrow,US,2020-10-30 23:31:29,71.29,-156.79,15.8,78,1,11.41
43,Tilichiki,RU,2020-10-30 23:31:29,60.47,166.1,29.61,97,45,1.95
44,Ribeira Grande,PT,2020-10-30 23:30:15,38.52,-28.7,68.95,92,100,12.44
45,Pingliang,CN,2020-10-30 23:31:30,35.54,106.69,40.68,64,6,4.61
46,Plettenberg Bay,ZA,2020-10-30 23:31:30,-34.05,23.37,52.77,71,0,3.04
47,Lebu,CL,2020-10-30 23:31:31,-37.62,-73.65,52.21,87,0,12.86
48,Afonso Claudio,BR,2020-10-30 23:31:31,-20.07,-41.12,71.8,89,100,4.59
49,Melipilla,CL,2020-10-30 23:31:32,-33.7,-71.22,73.4,93,90,5.82
50,Rio Cuarto,AR,2020-10-30 23:30:32,-33.13,-64.35,66.2,39,0,11.41
51,Saint-Philippe,RE,2020-10-30 23:30:27,-21.36,55.77,68.0,64,90,24.16
52,Tongliao,CN,2020-10-30 23:31:32,43.61,122.27,53.26,42,100,23.26
53,Atuona,PF,2020-10-30 23:31:33,-9.8,-139.03,77.92,73,76,10.51
54,Winslow,US,2020-10-30 23:31:33,35.02,-110.7,69.8,21,1,4.7
55,Kirakira,SB,2020-10-30 23:31:33,-10.45,161.92,83.75,65,80,4.72
56,Te Anau,NZ,2020-10-30 23:31:33,-45.42,167.72,52.39,92,100,3.67
57,Namatanai,PG,2020-10-30 23:31:33,-3.67,152.43,85.93,62,62,4.92
58,Punta Arenas,CL,2020-10-30 23:30:46,-53.15,-70.92,53.6,58,75,29.97
59,Caravelas,BR,2020-10-30 23:31:34,-17.71,-39.25,76.35,82,99,8.37
60,Chuy,UY,2020-10-30 23:30:11,-33.7,-53.46,53.46,86,80,6.33
61,Yellowknife,CA,2020-10-30 23:31:34,62.46,-114.35,17.6,85,75,8.05
62,Kodiak,US,2020-10-30 23:27:22,57.79,-152.41,32.0,76,90,8.05
63,Zhezkazgan,KZ,2020-10-30 23:31:35,47.8,67.71,35.78,75,0,7.63
64,Uray,RU,2020-10-30 23:31:35,60.12,64.78,30.54,97,72,9.55
65,Bengkulu,ID,2020-10-30 23:31:35,-3.8,102.27,76.33,85,70,2.75
66,Okrika,NG,2020-10-30 23:31:35,4.74,7.08,77.23,90,52,4.16
67,Hayden,US,2020-10-30 23:31:36,47.77,-116.79,57.0,56,1,21.92
68,Clyde River,CA,2020-10-30 23:31:36,70.47,-68.59,14.0,92,75,13.87
69,Ponta Do Sol,PT,2020-10-30 23:30:18,32.67,-17.1,68.0,77,20,13.87
70,Kansanshi,ZM,2020-10-30 23:31:36,-12.1,26.43,65.28,47,29,6.22
71,Kloulklubed,PW,2020-10-30 23:31:37,7.04,134.26,84.2,74,75,11.41
72,New Norfolk,AU,2020-10-30 23:31:37,-42.78,147.06,64.0,49,1,5.01
73,Hamilton,US,2020-10-30 23:31:37,39.18,-84.53,46.99,65,75,4.7
74,Victoria,HK,2020-10-30 23:29:28,22.29,114.16,73.0,78,91,15.37
75,Stromness,GB,2020-10-30 23:31:37,58.97,-3.3,46.4,75,32,19.46
76,Nikolskoye,RU,2020-10-30 23:31:38,59.7,30.79,46.0,100,90,4.47
77,Michalovce,SK,2020-10-30 23:31:38,48.75,21.92,46.99,100,75,8.05
78,Mardin,TR,2020-10-30 23:31:38,37.31,40.74,60.01,28,99,3.29
79,Saldanha,ZA,2020-10-30 23:31:38,-33.01,17.94,55.4,66,0,11.41
80,Dikson,RU,2020-10-30 23:31:38,73.51,80.55,13.82,96,100,27.49
81,Severo-Kurilsk,RU,2020-10-30 23:31:07,50.68,156.12,42.06,91,100,33.42
82,Qaanaaq,GL,2020-10-30 23:31:39,77.48,-69.36,12.47,86,91,4.81
83,Port Hedland,AU,2020-10-30 23:31:39,-20.32,118.57,78.8,54,2,10.29
84,Jasdan,IN,2020-10-30 23:31:39,22.03,71.2,73.38,28,4,5.86
85,Petropavlovsk-Kamchatskiy,RU,2020-10-30 23:31:39,53.05,158.65,41.0,80,75,11.18
86,Natitingou,BJ,2020-10-30 23:31:39,10.3,1.38,75.63,38,19,4.27
87,Fort Wellington,GY,2020-10-30 23:31:40,6.4,-57.6,81.64,84,27,12.08
88,Airai,TL,2020-10-30 23:31:40,-8.93,125.41,71.8,62,5,2.37
89,Kimbe,PG,2020-10-30 23:31:40,-5.55,150.14,88.3,59,98,1.1
90,Marsabit,KE,2020-10-30 23:31:40,2.33,37.99,64.44,93,84,19.33
91,Provideniya,RU,2020-10-30 23:31:40,64.38,-173.3,24.69,88,90,7.78
92,Port Hardy,CA,2020-10-30 23:31:41,50.7,-127.42,50.0,66,40,10.29
93,Havre-Saint-Pierre,CA,2020-10-30 23:31:41,50.23,-63.6,23.0,73,1,2.24
94,Nizhneangarsk,RU,2020-10-30 23:31:41,55.78,109.55,20.32,86,100,5.55
95,Borjomi,GE,2020-10-30 23:31:41,41.85,43.41,59.77,40,62,5.12
96,Aldan,RU,2020-10-30 23:31:41,58.6,125.39,9.39,96,98,0.56
97,Francistown,BW,2020-10-30 23:31:41,-21.17,27.51,74.12,30,0,16.33
98,Port Augusta,AU,2020-10-30 23:31:42,-32.5,137.77,60.8,77,90,14.99
99,Husavik,IS,2020-10-30 23:31:42,66.04,-17.34,35.6,80,40,11.41
100,Druzhba,UA,2020-10-30 23:31:43,52.04,33.95,43.65,84,100,2.68
101,Codrington,AU,2020-10-30 23:30:53,-38.27,141.97,55.53,82,56,12.75
102,Bethel,US,2020-10-30 23:31:43,41.37,-73.41,35.6,80,90,5.82
103,Asilah,MA,2020-10-30 23:31:43,35.47,-6.03,64.4,77,0,10.29
104,Torbay,CA,2020-10-30 23:31:44,47.67,-52.73,36.0,59,90,10.29
105,Yarovoye,RU,2020-10-30 23:31:44,52.93,78.58,34.32,92,95,6.17
106,Buala,SB,2020-10-30 23:31:44,-8.14,159.59,85.39,65,54,1.54
107,Abu Dhabi,AE,2020-10-30 23:30:05,24.47,54.37,75.2,78,0,2.24
108,Namibe,AO,2020-10-30 23:31:45,-15.2,12.15,73.47,77,54,4.09
109,Umm Lajj,SA,2020-10-30 23:31:45,25.02,37.27,77.5,38,0,5.08
110,Tottori,JP,2020-10-30 23:31:45,35.5,134.23,48.2,87,75,8.05
111,Moron,AR,2020-10-30 23:31:45,-34.65,-58.62,61.0,98,78,4.0
112,Tsumeb,NA,2020-10-30 23:31:46,-19.23,17.72,74.82,46,71,9.62
113,Nanortalik,GL,2020-10-30 23:31:46,60.14,-45.24,27.99,92,99,7.87
114,Hasaki,JP,2020-10-30 23:28:56,35.73,140.83,52.0,66,20,4.7
115,Otse,BW,2020-10-30 23:31:46,-25.02,25.73,80.6,21,0,14.99
116,San Cristobal,VE,2020-10-30 23:31:47,7.77,-72.22,82.4,74,40,2.24
117,Koumac,NC,2020-10-30 23:31:47,-20.57,164.28,83.23,57,11,3.67
118,Mahebourg,MU,2020-10-30 23:30:20,-20.41,57.7,68.0,56,40,17.22
119,Kruisfontein,ZA,2020-10-30 23:31:47,-34.0,24.73,48.99,91,0,1.01
120,Tuktoyaktuk,CA,2020-10-30 23:31:47,69.45,-133.04,6.8,92,75,10.29
121,La Peca,PE,2020-10-30 23:31:47,-5.61,-78.44,74.26,64,100,2.24
122,Erdenet,MN,2020-10-30 23:31:48,49.03,104.08,23.99,77,80,10.22
123,Georgetown,MY,2020-10-30 23:27:42,5.41,100.34,80.6,88,20,4.85
124,Kamenka,RU,2020-10-30 23:31:48,51.32,42.77,47.57,84,100,7.38
125,Tecoanapa,MX,2020-10-30 23:31:49,16.52,-98.75,82.27,73,4,8.59
126,Ostrovnoy,RU,2020-10-30 23:31:49,68.05,39.51,34.16,90,96,18.23
127,Novyy Urengoy,RU,2020-10-30 23:31:50,66.08,76.63,30.83,99,97,12.26
128,Saint George,US,2020-10-30 23:27:04,37.1,-113.58,78.01,15,1,2.98
129,Ambilobe,MG,2020-10-30 23:31:51,-13.2,49.05,69.03,71,44,6.6
130,Kapaa,US,2020-10-30 23:31:51,22.08,-159.32,82.99,69,20,9.17
131,Angoram,PG,2020-10-30 23:31:51,-4.06,144.07,85.84,67,93,1.68
132,Nome,US,2020-10-30 23:30:39,64.5,-165.41,27.0,68,20,9.17
133,Marand,IR,2020-10-30 23:31:52,38.43,45.77,55.4,36,20,4.7
134,Cape Town,ZA,2020-10-30 23:31:23,-33.93,18.42,57.99,62,0,18.34
135,Tasiilaq,GL,2020-10-30 23:31:52,65.61,-37.64,35.6,80,100,27.51
136,Leon,MX,2020-10-30 23:30:08,21.12,-101.67,78.8,24,40,8.05
137,Tual,ID,2020-10-30 23:31:52,-5.67,132.75,83.71,69,48,8.57
138,Helong,CN,2020-10-30 23:31:52,42.54,129.0,42.64,53,86,4.52
139,East London,ZA,2020-10-30 23:31:52,-33.02,27.91,61.9,68,100,2.21
140,Moroni,KM,2020-10-30 23:31:53,-11.7,43.26,77.16,75,94,1.48
141,Pacific Grove,US,2020-10-30 23:31:16,36.62,-121.92,64.99,77,1,9.17
142,Oyem,GA,2020-10-30 23:31:53,1.6,11.58,67.46,98,91,0.81
143,Labuan,MY,2020-10-30 23:30:03,5.28,115.24,77.0,94,40,6.31
144,Norman Wells,CA,2020-10-30 23:31:53,65.28,-126.83,14.0,92,90,4.7
145,Panguna,PG,2020-10-30 23:31:53,-6.32,155.48,78.73,78,85,2.26
146,Kaitangata,NZ,2020-10-30 23:30:34,-46.28,169.85,60.01,87,100,17.0
147,Faanui,PF,2020-10-30 23:31:54,-16.48,-151.75,78.94,82,2,17.0
148,Thompson,CA,2020-10-30 23:30:03,55.74,-97.86,19.4,73,90,4.7
149,Savannah Bight,HN,2020-10-30 23:31:54,16.45,-85.85,82.4,78,40,3.36
150,Lodja,CD,2020-10-30 23:31:54,-3.48,23.43,67.8,97,64,1.19
151,Harper,LR,2020-10-30 23:31:36,4.38,-7.72,77.41,91,99,8.21
152,Arvi,IN,2020-10-30 23:31:55,20.98,78.23,72.36,51,78,2.51
153,Bluff,NZ,2020-10-30 23:30:10,-46.6,168.33,54.0,98,100,11.99
154,Sao Joao Da Barra,BR,2020-10-30 23:31:55,-21.64,-41.05,73.51,95,90,12.41
155,Grants Pass,US,2020-10-30 23:31:55,42.44,-123.33,71.01,37,1,10.29
156,Felipe Carrillo Puerto,MX,2020-10-30 23:31:13,19.58,-88.05,74.66,97,82,4.14
157,Kindu,CD,2020-10-30 23:31:56,-2.95,25.95,68.27,97,95,1.14
158,Acapetahua,MX,2020-10-30 23:31:56,15.28,-92.7,86.0,79,75,11.41
159,Saskylakh,RU,2020-10-30 23:31:56,71.92,114.08,-2.24,82,2,5.66
160,Porto Walter,BR,2020-10-30 23:31:56,-8.27,-72.74,73.35,97,100,4.27
161,Yertsevo,RU,2020-10-30 23:31:56,60.8,40.09,41.92,96,100,2.51
162,Susangerd,IR,2020-10-30 23:31:57,31.56,48.18,59.0,58,0,3.33
163,Taree,AU,2020-10-30 23:31:14,-31.9,152.47,75.99,69,82,4.7
164,Naze,JP,2020-10-30 23:31:57,28.37,129.48,75.2,60,40,20.8
165,Cabedelo,BR,2020-10-30 23:31:57,-6.98,-34.83,77.0,88,20,6.93
166,Hofn,IS,2020-10-30 23:31:57,64.25,-15.21,45.66,77,59,28.97
167,Port-Gentil,GA,2020-10-30 23:31:26,-0.72,8.78,78.8,94,40,5.82
168,Jasper,US,2020-10-30 23:31:58,37.2,-94.35,60.8,41,1,6.93
169,Port Lincoln,AU,2020-10-30 23:30:31,-34.73,135.87,58.3,76,55,10.22
170,Salalah,OM,2020-10-30 23:31:58,17.02,54.09,75.2,60,0,5.82
171,Bilibino,RU,2020-10-30 23:31:58,68.05,166.44,6.4,89,99,1.48
172,Alice Springs,AU,2020-10-30 23:31:09,-23.7,133.88,68.0,28,1,13.87
173,Sao Filipe,CV,2020-10-30 23:31:58,14.9,-24.5,81.61,57,88,14.94
174,Nyurba,RU,2020-10-30 23:31:59,63.28,118.33,-4.5,91,78,2.95
175,Luanda,AO,2020-10-30 23:29:50,-8.84,13.23,76.75,86,46,10.33
176,Kushima,JP,2020-10-30 23:31:59,31.46,131.23,55.4,66,20,8.05
177,Palmer,US,2020-10-30 23:32:00,42.16,-72.33,30.99,100,40,1.68
178,Linden,GY,2020-10-30 23:32:00,6.0,-58.3,80.6,83,40,6.93
179,Belaya Gora,RU,2020-10-30 23:31:17,68.53,146.42,4.59,94,96,2.91
180,Longyearbyen,SJ,2020-10-30 23:32:00,78.22,15.64,17.6,72,0,5.82
181,Ankang,CN,2020-10-30 23:32:01,32.68,109.02,60.01,38,100,1.14
182,Semirom,IR,2020-10-30 23:32:01,31.42,51.57,31.75,87,0,0.87
183,Taoudenni,ML,2020-10-30 23:32:02,22.68,-3.98,75.79,20,94,10.36
184,Kavieng,PG,2020-10-30 23:32:02,-2.57,150.8,83.21,75,97,7.96
185,Turukhansk,RU,2020-10-30 23:32:02,65.82,87.98,6.26,92,100,9.33
186,Leh,IN,2020-10-30 23:32:02,34.17,77.58,25.27,72,24,1.59
187,Ganzhou,CN,2020-10-30 23:32:02,28.82,115.43,61.97,81,91,5.14
188,Souillac,MU,2020-10-30 23:32:03,-20.52,57.52,68.0,56,40,17.22
189,Hohenstein-Ernstthal,DE,2020-10-30 23:32:03,50.8,12.72,55.99,93,100,11.95
190,Camacupa,AO,2020-10-30 23:32:03,-12.02,17.48,63.88,92,100,1.83
191,Limon,CR,2020-10-30 23:32:03,10.0,-83.03,82.4,83,40,10.29
192,Ayr,GB,2020-10-30 23:30:27,55.46,-4.63,42.8,87,40,5.82
193,Badarpur,IN,2020-10-30 23:32:03,24.9,92.6,73.94,88,97,2.62
194,Vila Velha,BR,2020-10-30 23:32:04,-20.33,-40.29,77.0,88,90,8.05
195,Kahului,US,2020-10-30 23:31:22,20.89,-156.47,87.8,52,40,25.28
196,Iranduba,BR,2020-10-30 23:32:04,-3.28,-60.19,80.6,83,40,4.7
197,Mumbwa,ZM,2020-10-30 23:32:04,-14.98,27.06,72.45,33,1,9.06
198,Cabo San Lucas,MX,2020-10-30 23:31:33,22.89,-109.91,82.4,51,40,5.82
199,Akureyri,IS,2020-10-30 23:32:05,65.68,-18.09,35.6,80,40,11.41
200,Baruun-Urt,MN,2020-10-30 23:31:23,46.68,113.28,32.74,85,66,17.49
201,Sokolka,PL,2020-10-30 23:32:05,53.41,23.5,46.0,100,49,5.75
202,Castro,BR,2020-10-30 23:29:33,-24.79,-50.01,53.91,93,100,11.1
203,Magadan,RU,2020-10-30 23:32:05,59.57,150.8,30.65,98,100,15.28
204,Abu Samrah,SY,2020-10-30 23:32:06,35.3,37.18,63.45,66,95,3.11
205,Pangody,RU,2020-10-30 23:32:06,65.85,74.49,34.16,96,100,13.38
206,Greymouth,NZ,2020-10-30 23:32:06,-42.47,171.2,59.16,96,100,13.87
207,Khatanga,RU,2020-10-30 23:31:00,71.97,102.5,-9.83,84,0,6.62
208,Lavrentiya,RU,2020-10-30 23:32:07,65.58,-171.0,22.91,86,67,9.46
209,Meulaboh,ID,2020-10-30 23:32:07,4.14,96.13,76.82,84,100,3.85
210,Bairiki,KI,2020-10-30 23:31:39,1.33,172.98,87.8,62,20,14.99
211,Vestmannaeyjar,IS,2020-10-30 23:31:40,63.44,-20.27,45.95,76,41,21.18
212,Suwalki,PL,2020-10-30 23:32:07,54.11,22.93,44.11,90,89,7.07
213,Fortuna,US,2020-10-30 23:32:08,40.6,-124.16,61.0,59,1,10.29
214,Tougue,GN,2020-10-30 23:32:08,11.47,-11.6,67.03,52,0,2.39
215,Slave Lake,CA,2020-10-30 23:30:00,55.28,-114.77,30.2,92,90,4.7
216,San Felipe,VE,2020-10-30 23:32:08,10.34,-68.74,74.14,93,94,3.38
217,Changchun,CN,2020-10-30 23:30:21,43.88,125.32,46.4,31,0,15.66
218,Sarramea,NC,2020-10-30 23:32:09,-21.64,165.85,86.0,45,20,6.93
219,Yerbogachen,RU,2020-10-30 23:32:09,61.28,108.01,10.2,94,100,6.71
220,Sangar,RU,2020-10-30 23:32:09,63.92,127.47,-12.24,86,8,2.55
221,Chokurdakh,RU,2020-10-30 23:31:16,70.63,147.92,9.5,96,100,7.23
222,Sanming,CN,2020-10-30 23:32:09,26.25,117.62,64.31,69,12,2.82
223,Tongchuan,CN,2020-10-30 23:32:10,35.08,109.09,48.11,53,25,7.61
224,Kamaishi,JP,2020-10-30 23:32:10,39.27,141.88,39.2,93,20,2.24
225,Atasu,KZ,2020-10-30 23:32:10,48.68,71.64,31.21,90,0,4.14
226,Guerrero Negro,MX,2020-10-30 23:32:10,27.98,-114.06,75.96,31,18,11.36
227,Beipiao,CN,2020-10-30 23:32:10,41.79,120.78,50.05,59,100,13.62
228,Mantamados,GR,2020-10-30 23:32:10,39.31,26.33,64.4,68,20,2.24
229,Mosalsk,RU,2020-10-30 23:32:10,54.49,34.98,42.85,92,100,0.45
230,Huarmey,PE,2020-10-30 23:32:11,-10.07,-78.15,63.25,83,100,6.15
231,Maddur,IN,2020-10-30 23:32:11,12.6,77.07,66.04,79,9,1.07
232,Evensk,RU,2020-10-30 23:30:44,61.95,159.23,24.37,90,30,3.2
233,Mount Isa,AU,2020-10-30 23:32:11,-20.73,139.5,75.2,23,0,12.75
234,Frunze,UA,2020-10-30 23:32:11,48.67,38.75,49.57,88,94,2.77
235,Madras,IN,2020-10-30 23:30:13,13.09,80.28,77.0,94,40,3.36
236,Mount Gambier,AU,2020-10-30 23:31:24,-37.83,140.77,53.6,81,90,12.75
237,Solnechnyy,RU,2020-10-30 23:32:12,50.72,136.63,35.01,83,67,3.53
238,Bud,US,2020-10-30 23:32:12,39.45,-86.18,42.8,56,1,5.08
239,Leshukonskoye,RU,2020-10-30 23:30:32,64.9,45.76,32.16,96,86,7.72
240,Upernavik,GL,2020-10-30 23:30:17,72.79,-56.15,20.43,96,94,2.68
241,Morgan City,US,2020-10-30 23:32:13,29.7,-91.21,62.6,63,1,5.82
242,Lata,PT,2020-10-30 23:32:13,40.16,-8.33,61.0,93,0,3.36
243,Alofi,NU,2020-10-30 23:32:13,-19.06,-169.92,78.8,74,75,23.04
244,Ochakiv,UA,2020-10-30 23:32:14,46.61,31.55,51.8,93,93,6.71
245,Svetlyy,RU,2020-10-30 23:32:14,54.67,20.13,48.0,100,75,2.24
246,Mahajanga,MG,2020-10-30 23:32:14,-15.72,46.32,75.2,41,40,14.99
247,Tessalit,ML,2020-10-30 23:30:39,20.2,1.01,76.17,18,35,12.82
248,Grand Gaube,MU,2020-10-30 23:32:15,-20.01,57.66,64.0,64,0,3.0
249,Lambakin,PH,2020-10-30 23:32:15,14.75,120.87,82.99,74,40,2.24
250,Padang,ID,2020-10-30 23:30:32,-0.95,100.35,79.07,75,93,3.22
251,Sananduva,BR,2020-10-30 23:32:15,-27.95,-51.81,60.87,72,32,11.43
252,Port Elizabeth,ZA,2020-10-30 23:32:15,-33.92,25.57,51.8,81,20,2.24
253,Prabumulih,ID,2020-10-30 23:31:36,-3.45,104.25,77.65,89,50,0.92
254,Kavaratti,IN,2020-10-30 23:32:16,10.57,72.64,82.27,72,73,9.4
255,Odienne,CI,2020-10-30 23:32:16,9.51,-7.57,73.56,61,29,0.67
256,Nouadhibou,MR,2020-10-30 23:32:16,20.93,-17.03,66.2,88,0,13.87
257,Saint Andrews,US,2020-10-30 23:32:16,34.05,-81.13,66.2,48,1,3.36
258,Nishihara,JP,2020-10-30 23:31:12,26.18,127.76,73.4,56,20,8.05
259,Tabou,CI,2020-10-30 23:32:16,4.42,-7.35,77.47,91,91,7.52
260,Marzuq,YE,2020-10-30 23:32:17,14.4,46.47,64.26,49,0,2.24
261,Ivanava,BY,2020-10-30 23:32:17,52.15,25.54,43.56,80,51,3.27
262,North Bend,US,2020-10-30 23:31:23,43.41,-124.22,64.0,93,90,8.05
263,Limbang,MY,2020-10-30 23:32:17,4.75,115.0,77.0,94,75,4.7
264,Zaria,NG,2020-10-30 23:32:17,11.11,7.72,74.93,31,0,2.15
265,Sao Jose Da Coroa Grande,BR,2020-10-30 23:32:18,-8.9,-35.15,77.31,87,100,11.1
266,Yulara,AU,2020-10-30 23:31:28,-25.24,130.99,69.8,21,0,17.22
267,Sokoni,TZ,2020-10-30 23:32:18,-6.43,39.55,78.64,79,90,10.8
268,Lagoa,PT,2020-10-30 23:32:18,39.05,-27.98,67.33,90,100,7.72
269,Eraclea,IT,2020-10-30 23:32:18,45.58,12.68,51.8,93,67,2.24
270,Praia Da Vitoria,PT,2020-10-30 23:32:18,38.73,-27.07,71.6,83,40,8.37
271,Rawson,AR,2020-10-30 23:32:19,-43.3,-65.1,64.76,29,0,12.91
272,Alberdi,AR,2020-10-30 23:32:19,-32.89,-60.69,64.4,48,0,8.05
273,Numan,NG,2020-10-30 23:32:19,9.47,12.03,77.88,36,93,0.09
274,Vaitape,PF,2020-10-30 23:32:20,-16.52,-151.75,79.81,80,2,16.93
275,Bouna,CI,2020-10-30 23:32:20,9.27,-3.0,76.82,50,0,1.61
276,Borogontsy,RU,2020-10-30 23:32:20,62.67,131.17,-8.61,90,24,2.19
277,Pelym,RU,2020-10-30 23:32:20,61.01,62.0,30.09,96,79,6.96
278,Pangoa,PE,2020-10-30 23:32:20,-12.12,-73.0,67.87,93,98,2.48
279,Leningradskiy,RU,2020-10-30 23:32:21,69.38,178.42,18.72,94,62,19.24
280,Brunico,IT,2020-10-30 23:32:21,46.8,11.94,48.0,81,37,1.48
281,Guayanilla,PR,2020-10-30 23:32:22,18.02,-66.79,82.0,96,86,3.0
282,Tiarei,PF,2020-10-30 23:32:22,-17.53,-149.33,84.2,62,75,13.87
283,Tiksi,RU,2020-10-30 23:32:22,71.69,128.87,8.17,95,100,4.94
284,Astoria,US,2020-10-30 23:32:22,46.19,-123.83,57.0,66,1,11.41
285,Correntina,BR,2020-10-30 23:32:22,-13.34,-44.64,74.26,76,83,3.06
286,Vung Tau,VN,2020-10-30 23:30:07,10.35,107.08,79.63,84,30,9.75
287,Ngunguru,NZ,2020-10-30 23:32:23,-35.62,174.5,75.99,70,50,11.99
288,Clemmons,US,2020-10-30 23:32:23,36.02,-80.38,53.6,50,1,10.29
289,Baoro,CF,2020-10-30 23:32:24,5.67,15.97,68.5,92,75,2.75
290,Toba Tek Singh,PK,2020-10-30 23:32:24,30.97,72.48,63.36,28,0,3.65
291,Killybegs,IE,2020-10-30 23:32:24,54.63,-8.45,46.0,92,96,11.99
292,Teknaf,BD,2020-10-30 23:32:24,20.86,92.31,76.95,86,63,4.92
293,Lompoc,US,2020-10-30 23:27:28,34.64,-120.46,66.99,72,1,14.99
294,Aswan,EG,2020-10-30 23:32:25,24.09,32.91,74.16,44,0,4.21
295,Axim,GH,2020-10-30 23:32:25,4.87,-2.24,77.81,86,64,5.3
296,Bosaso,SO,2020-10-30 23:32:25,11.28,49.18,79.93,72,74,3.8
297,Bathsheba,BB,2020-10-30 23:32:26,13.22,-59.52,82.4,78,40,21.92
298,Tuatapere,NZ,2020-10-30 23:32:26,-46.13,167.68,54.0,98,100,11.99
299,Pogana,RO,2020-10-30 23:32:26,46.32,27.57,46.4,87,70,3.36
300,Mattru,SL,2020-10-30 23:32:26,7.62,-11.83,74.7,97,59,2.84
301,Bambous Virieux,MU,2020-10-30 23:30:36,-20.34,57.76,68.0,56,40,17.22
302,Anadyr,RU,2020-10-30 23:32:27,64.75,177.48,5.0,84,20,6.71
303,Kargil,IN,2020-10-30 23:32:27,34.57,76.1,23.34,81,1,0.4
304,Sabzevar,IR,2020-10-30 23:32:28,36.21,57.68,46.17,49,0,2.57
305,Taltal,CL,2020-10-30 23:30:20,-25.4,-70.48,59.41,66,21,4.56
306,Brae,GB,2020-10-30 23:32:28,60.4,-1.35,50.0,71,27,23.04
307,Yamada,JP,2020-10-30 23:31:02,39.47,141.95,54.82,52,0,4.32
308,Manzanillo,CU,2020-10-30 23:32:29,20.34,-77.12,80.08,80,86,3.89
309,Rio Grande,BR,2020-10-30 23:28:39,-32.03,-52.1,60.01,79,21,3.0
310,Ilulissat,GL,2020-10-30 23:32:29,69.22,-51.1,19.4,67,100,4.7
311,Alexandria,EG,2020-10-30 23:29:35,31.22,29.96,75.2,64,40,6.93
312,Thio,NC,2020-10-30 23:32:29,-21.62,166.22,86.0,45,20,6.93
313,Los Llanos De Aridane,ES,2020-10-30 23:30:09,28.66,-17.92,71.6,78,0,6.93
314,Sitka,US,2020-10-30 23:31:05,57.05,-135.33,42.8,81,90,9.17
315,Esmeraldas,BR,2020-10-30 23:32:30,-19.76,-44.31,71.6,94,40,5.82
316,Durango,MX,2020-10-30 23:32:14,24.83,-104.83,63.59,39,34,5.66
317,Curvelo,BR,2020-10-30 23:32:30,-18.76,-44.43,74.95,82,100,3.42
318,Enugu,NG,2020-10-30 23:32:30,6.44,7.49,74.66,85,6,4.99
319,Billings,US,2020-10-30 23:32:30,45.78,-108.5,66.2,20,40,14.99
320,Iqaluit,CA,2020-10-30 23:32:31,63.75,-68.51,12.2,72,75,4.7
321,Kondagaon,IN,2020-10-30 23:32:31,19.6,81.67,61.92,61,14,4.52
322,Fairbanks,US,2020-10-30 23:32:31,64.84,-147.72,15.01,85,90,1.66
323,Portland,US,2020-10-30 23:32:32,45.52,-122.68,61.0,62,75,6.93
324,Birin,NP,2020-10-30 23:32:32,26.89,88.07,59.07,34,43,5.95
325,Bardiyah,LY,2020-10-30 23:32:32,31.76,25.09,67.87,74,31,11.99
326,Mizan Teferi,ET,2020-10-30 23:32:33,6.98,35.58,60.1,93,95,1.45
327,Muli,MV,2020-10-30 23:32:33,2.92,73.57,82.18,75,97,9.13
328,Lalibela,ET,2020-10-30 23:32:33,12.03,39.03,52.5,59,1,4.74
329,Ejigbo,NG,2020-10-30 23:32:34,7.9,4.32,71.6,93,88,2.77
330,Marienburg,PL,2020-10-30 23:32:34,54.04,19.03,39.0,93,9,1.12
331,Dubbo,AU,2020-10-30 23:31:36,-32.25,148.62,60.8,72,90,10.29
332,Esperance,AU,2020-10-30 23:32:34,-33.87,121.9,64.4,48,0,21.92
333,Yarmouth,US,2020-10-30 23:32:34,41.71,-70.23,41.0,86,90,10.29
334,Sulina,RO,2020-10-30 23:32:35,45.16,29.65,53.51,78,93,15.14
335,Saint-Louis,SN,2020-10-30 23:32:35,16.33,-15.0,87.94,13,83,9.69
336,Emerald,AU,2020-10-30 23:32:35,-23.53,148.17,80.6,19,0,8.05
337,Quatre Cocos,MU,2020-10-30 23:32:35,-20.21,57.76,68.0,56,40,17.22
338,Chulman,RU,2020-10-30 23:32:35,56.85,124.91,8.31,94,87,1.03
339,Parrita,CR,2020-10-30 23:32:35,9.52,-84.32,71.6,94,75,9.17
340,Santa Maria,BR,2020-10-30 23:32:36,-29.68,-53.81,66.2,52,0,9.17
341,Krutikha,RU,2020-10-30 23:32:36,53.96,81.21,33.75,96,100,7.27
342,Pakxe,LA,2020-10-30 23:32:36,15.12,105.78,74.35,88,1,1.99
343,Khash,IR,2020-10-30 23:32:36,28.22,61.22,39.94,63,0,1.5
344,Sorland,NO,2020-10-30 23:32:37,67.67,12.69,42.73,80,43,28.01
345,Miri,MY,2020-10-30 23:32:37,4.41,114.01,77.0,94,20,3.36
346,Luderitz,NA,2020-10-30 23:32:37,-26.65,15.16,60.01,57,100,28.21
347,Tumpat,MY,2020-10-30 23:32:38,6.2,102.17,75.2,94,20,2.24
348,Belousovka,KZ,2020-10-30 23:32:38,50.13,82.52,33.8,97,75,4.47
349,General Roca,AR,2020-10-30 23:32:00,-39.03,-67.58,77.0,23,0,5.82
350,Kuito,AO,2020-10-30 23:32:38,-12.38,16.93,60.73,91,95,2.93
351,Fort-Shevchenko,KZ,2020-10-30 23:32:38,44.51,50.26,54.12,43,0,18.12
352,Waingapu,ID,2020-10-30 23:32:39,-9.66,120.26,83.95,67,93,4.81
353,Vao,NC,2020-10-30 23:32:39,-22.67,167.48,73.92,86,23,14.18
354,Vrangel,RU,2020-10-30 23:32:39,42.73,133.08,47.46,68,50,2.42
355,Wilmington,US,2020-10-30 23:32:39,34.23,-77.94,64.0,59,1,5.82
356,Bhavnagar,IN,2020-10-30 23:30:07,21.77,72.15,78.04,40,0,5.97
357,Myskhako,RU,2020-10-30 23:32:40,44.67,37.74,57.2,82,77,4.47
358,Cockburn Town,TC,2020-10-30 23:32:17,21.46,-71.14,86.0,70,40,9.17
359,Ozernovskiy,RU,2020-10-30 23:32:40,51.5,156.52,41.49,85,100,22.3
360,Thabazimbi,ZA,2020-10-30 23:32:40,-24.59,27.41,77.0,38,29,4.0
361,Bo Rai,TH,2020-10-30 23:32:41,12.57,102.54,75.9,90,43,3.33
362,Manzil Salim,TN,2020-10-30 23:32:41,35.86,8.48,46.4,70,0,2.24
363,Boa Vista,BR,2020-10-30 23:32:41,2.82,-60.67,86.0,62,40,5.82
364,Nadym,RU,2020-10-30 23:32:41,65.53,72.52,34.52,96,100,14.67
365,Marsa Matruh,EG,2020-10-30 23:32:41,31.35,27.25,71.6,64,75,8.05
366,Anjiang,CN,2020-10-30 23:32:42,27.32,110.1,59.76,87,99,1.9
367,Tautira,PF,2020-10-30 23:32:42,-17.73,-149.15,84.2,62,75,13.87
368,Goderich,CA,2020-10-30 23:27:49,43.75,-81.72,35.6,64,95,9.17
369,Touros,BR,2020-10-30 23:32:42,-5.2,-35.46,78.8,83,40,4.7
370,Yanam,IN,2020-10-30 23:32:42,16.73,82.22,72.39,72,99,3.31
371,Khasan,RU,2020-10-30 23:32:42,42.43,130.64,45.63,64,53,2.57
372,Pangnirtung,CA,2020-10-30 23:32:43,66.15,-65.71,12.2,78,20,2.24
373,Katsuura,JP,2020-10-30 23:32:43,35.13,140.3,60.01,38,0,7.0
374,Vanavara,RU,2020-10-30 23:32:44,60.34,102.28,6.33,95,86,2.95
375,Sergiyevsk,RU,2020-10-30 23:32:44,53.94,51.16,37.71,79,99,5.75
376,Blairmore,CA,2020-10-30 23:32:44,49.6,-114.44,46.4,49,33,16.11
377,Pahrump,US,2020-10-30 23:30:27,36.21,-115.98,82.99,10,0,1.99
378,Luan,CH,2020-10-30 23:32:44,46.36,6.98,48.0,92,0,3.89
379,Camacha,PT,2020-10-30 23:31:31,33.08,-16.33,68.0,82,40,10.29
380,Sorong,ID,2020-10-30 23:32:45,-0.88,131.25,84.09,74,52,11.92
381,Arlit,NE,2020-10-30 23:32:45,18.74,7.39,76.82,18,0,12.71
382,Islamkot,PK,2020-10-30 23:32:45,24.7,70.18,75.94,30,29,7.9
383,Ambikapur,IN,2020-10-30 23:32:45,23.12,83.2,60.57,63,0,1.81
384,Nhulunbuy,AU,2020-10-30 23:32:46,-12.23,136.77,86.0,62,0,10.29
385,Isla Vista,US,2020-10-30 23:31:47,34.41,-119.86,75.99,43,1,5.82
386,Svetlaya,RU,2020-10-30 23:32:46,46.54,138.33,40.95,67,46,3.0
387,Avarua,CK,2020-10-30 23:32:46,-21.21,-159.78,77.0,73,99,10.29
388,Pochutla,MX,2020-10-30 23:32:46,15.74,-96.47,82.4,74,75,0.65
389,Launceston,AU,2020-10-30 23:31:31,-41.45,147.17,61.0,76,90,12.75
390,Pitimbu,BR,2020-10-30 23:32:47,-7.47,-34.81,77.0,88,20,6.93
391,Pangai,TO,2020-10-30 23:32:47,-19.8,-174.35,80.6,57,20,12.75
392,Uvinza,TZ,2020-10-30 23:32:47,-5.1,30.39,68.43,76,48,1.86
393,Sao Felix Do Xingu,BR,2020-10-30 23:30:12,-6.64,-51.99,70.36,95,100,1.28
394,Sobolevo,RU,2020-10-30 23:32:47,54.43,31.9,46.62,97,100,2.55
395,Korla,CN,2020-10-30 23:32:49,41.76,86.15,39.0,66,0,5.01
396,Bubaque,GW,2020-10-30 23:32:49,11.28,-15.83,83.68,76,61,10.71
397,Querendaro,MX,2020-10-30 23:32:49,19.87,-100.92,77.0,33,20,4.7
398,Santa Fe,AR,2020-10-30 23:32:49,-31.63,-60.7,61.0,51,77,1.99
399,Mezen,RU,2020-10-30 23:32:50,65.85,44.24,32.61,95,77,8.5
400,Avera,US,2020-10-30 23:32:50,33.19,-82.53,64.4,68,1,9.93
401,Sinnamary,GF,2020-10-30 23:32:50,5.38,-52.95,81.19,83,43,12.66
402,High Level,CA,2020-10-30 23:32:50,58.52,-117.14,26.6,92,90,3.36
403,Kota Belud,MY,2020-10-30 23:32:51,6.35,116.43,77.0,88,20,2.24
404,Corcoran,US,2020-10-30 23:32:51,36.1,-119.56,80.6,24,1,4.61
405,Dunedin,NZ,2020-10-30 23:32:33,-45.87,170.5,64.04,61,100,8.34
406,Hackettstown,US,2020-10-30 23:32:14,40.85,-74.83,39.99,85,78,7.61
407,Laredo,US,2020-10-30 23:30:34,27.51,-99.51,73.4,28,1,4.7
408,Ewo,CG,2020-10-30 23:32:51,-0.87,14.82,72.12,94,99,2.68
409,Christchurch,NZ,2020-10-30 23:28:01,-43.53,172.63,77.0,44,87,10.29
410,Mandalgovi,MN,2020-10-30 23:32:52,45.76,106.27,24.26,80,18,10.45
411,Margate,GB,2020-10-30 23:32:52,51.38,1.39,57.99,82,76,4.0
412,Valparaiso,CL,2020-10-30 23:32:52,-33.04,-71.63,57.99,82,40,4.7
413,Maragogi,BR,2020-10-30 23:28:27,-9.01,-35.22,76.93,87,100,10.02
414,Tahe,CN,2020-10-30 23:32:53,52.33,124.73,24.66,97,100,5.14
415,La Seyne-Sur-Mer,FR,2020-10-30 23:32:53,43.1,5.88,57.0,100,75,2.24
416,San Quintin,MX,2020-10-30 23:30:45,30.48,-115.95,70.79,56,100,9.51
417,Abilene,US,2020-10-30 23:32:53,32.45,-99.73,68.0,32,1,6.93
418,White Rock,CA,2020-10-30 23:32:54,49.02,-122.8,55.4,50,46,3.36
419,Coihaique,CL,2020-10-30 23:32:54,-45.58,-72.07,66.2,42,0,3.36
420,Mitsamiouli,KM,2020-10-30 23:32:54,-11.38,43.28,78.39,77,90,10.38
421,Orocue,CO,2020-10-30 23:32:54,4.79,-71.34,82.27,75,64,4.52
422,Noumea,NC,2020-10-30 23:28:01,-22.28,166.46,86.0,45,20,6.93
423,Praya,CV,2020-10-30 23:32:55,14.92,-23.51,78.8,74,20,23.04
424,Katherine,AU,2020-10-30 23:30:44,-14.47,132.27,86.0,55,3,10.29
425,Bandarbeyla,SO,2020-10-30 23:30:55,9.49,50.81,77.02,81,13,6.67
426,Nova Olimpia,BR,2020-10-30 23:32:55,-14.8,-57.29,73.56,82,99,0.65
427,Antofagasta,CL,2020-10-30 23:29:24,-23.65,-70.4,60.8,72,75,14.99
428,Baihar,IN,2020-10-30 23:32:56,22.1,80.55,60.94,55,0,2.71
429,Shingu,JP,2020-10-30 23:32:56,33.73,135.98,55.4,47,20,9.17
430,Kaeo,NZ,2020-10-30 23:32:56,-35.1,173.78,75.99,70,25,11.99
431,Labuhan,ID,2020-10-30 23:32:56,-6.88,112.21,79.36,79,94,7.02
432,Huejuquilla El Alto,MX,2020-10-30 23:32:57,22.6,-103.87,69.98,33,7,3.94
433,Paralimni,CY,2020-10-30 23:32:57,35.04,33.98,70.0,77,0,5.82
434,Garowe,SO,2020-10-30 23:32:57,8.41,48.48,76.64,71,16,11.5
435,Decatur,US,2020-10-30 23:28:54,39.84,-88.95,48.0,58,1,4.7
436,Ossora,RU,2020-10-30 23:32:57,59.24,163.07,34.07,84,50,0.54
437,Molina,CL,2020-10-30 23:32:57,-35.12,-71.28,84.2,25,0,9.17
438,Ushtobe,KZ,2020-10-30 23:32:57,45.25,77.98,37.29,74,0,8.68
439,Pevek,RU,2020-10-30 23:31:39,69.7,170.31,19.98,96,94,5.77
440,Honningsvag,NO,2020-10-30 23:32:58,70.98,25.97,35.22,83,79,10.89
441,Maceio,BR,2020-10-30 23:29:50,-9.67,-35.74,75.2,94,20,5.82
442,Kununurra,AU,2020-10-30 23:32:36,-15.77,128.73,86.0,66,65,4.7
443,Brookfield,US,2020-10-30 23:29:26,43.06,-88.11,36.0,47,1,5.82
444,Dudinka,RU,2020-10-30 23:32:58,69.41,86.18,14.0,78,100,24.61
445,Laguna,US,2020-10-30 23:31:52,38.42,-121.42,81.0,19,1,3.36
446,Zamora,EC,2020-10-30 23:32:58,-4.07,-78.96,72.72,60,100,4.05
447,Riyadh,SA,2020-10-30 23:31:15,24.69,46.72,64.4,52,0,3.13
448,Turangi,NZ,2020-10-30 23:32:59,-39.0,175.93,66.0,72,100,4.0
449,Muroto,JP,2020-10-30 23:32:59,33.28,134.15,53.6,62,20,5.82
450,Chunhuhub,MX,2020-10-30 23:32:59,19.55,-88.68,73.53,98,60,5.32
451,Palotina,BR,2020-10-30 23:33:00,-24.28,-53.84,65.17,82,28,6.06
452,Carauari,BR,2020-10-30 23:33:00,-4.88,-66.9,75.94,93,89,3.8
453,Lakes Entrance,AU,2020-10-30 23:30:15,-37.88,147.98,68.0,78,26,5.99
454,Marovoay,MG,2020-10-30 23:33:00,-16.1,46.63,75.2,41,40,14.99
455,Manono,CD,2020-10-30 23:33:00,-7.3,27.42,68.11,93,1,0.87
456,Tingo Maria,PE,2020-10-30 23:33:01,-9.29,-76.01,72.91,83,100,1.79
457,Kasempa,ZM,2020-10-30 23:33:01,-13.46,25.83,68.67,39,25,7.31
458,Ucluelet,CA,2020-10-30 23:30:05,48.93,-125.55,54.0,62,20,13.87
459,Ferrol,ES,2020-10-30 23:33:01,43.48,-8.24,63.0,77,40,12.75
460,Port Moresby,PG,2020-10-30 23:33:01,-9.44,147.18,80.6,83,40,5.82
461,Ixtapa,MX,2020-10-30 23:33:01,20.7,-105.2,84.2,70,20,8.05
462,Batagay,RU,2020-10-30 23:33:02,67.63,134.63,-3.75,90,98,2.48
463,Eenhana,NA,2020-10-30 23:33:02,-17.47,16.33,75.2,73,77,11.41
464,Aklavik,CA,2020-10-30 23:33:02,68.22,-135.01,5.0,84,75,5.82
465,Nemuro,JP,2020-10-30 23:33:02,43.32,145.57,48.96,66,30,21.7
466,San Angelo,US,2020-10-30 23:29:40,31.46,-100.44,70.0,30,1,6.93
467,Kiama,AU,2020-10-30 23:33:03,-34.68,150.87,63.0,87,100,18.01
468,Collierville,US,2020-10-30 23:33:03,35.04,-89.66,55.4,50,5,5.82
469,Mayo,US,2020-10-30 23:33:03,38.89,-76.51,51.01,81,40,4.7
470,Grand-Lahou,CI,2020-10-30 23:33:03,5.14,-5.02,77.95,88,52,5.46
471,San Vicente,AR,2020-10-30 23:33:03,-26.62,-54.13,63.77,84,62,3.42
472,Juneau,US,2020-10-30 23:33:04,58.3,-134.42,39.2,93,90,16.11
473,Meadow Lake,US,2020-10-30 23:33:04,34.8,-106.54,63.0,33,20,5.82
474,Karratha,AU,2020-10-30 23:33:04,-20.74,116.85,81.57,51,0,5.75
475,Aiquile,BO,2020-10-30 23:33:04,-18.2,-65.18,58.73,65,95,5.57
476,Nuevo Progreso,MX,2020-10-30 23:33:04,23.17,-97.95,73.0,41,1,4.0
477,Udachnyy,RU,2020-10-30 23:31:30,66.42,112.4,-0.4,91,90,2.17
478,Antsohihy,MG,2020-10-30 23:33:04,-14.88,47.99,73.89,58,95,12.17
479,Teguise,ES,2020-10-30 23:33:05,29.06,-13.56,77.0,41,0,17.22
480,Ostroda,PL,2020-10-30 23:33:05,53.7,19.96,37.0,92,3,2.24
481,Vardo,NO,2020-10-30 23:33:05,70.37,31.11,34.21,87,83,9.82
482,Rondonopolis,BR,2020-10-30 23:29:32,-16.47,-54.64,76.1,87,89,6.49
483,Grindavik,IS,2020-10-30 23:33:06,63.84,-22.43,39.2,100,90,6.93
484,Inverness,GB,2020-10-30 23:33:06,57.48,-4.22,44.6,70,69,9.17
485,Huaicheng,CN,2020-10-30 23:33:06,23.91,112.19,68.86,77,84,0.94
486,Aykhal,RU,2020-10-30 23:33:06,66.0,111.5,-0.4,91,90,2.59
487,Sehwan,PK,2020-10-30 23:33:06,26.43,67.86,59.0,77,0,4.16
488,Balikpapan,ID,2020-10-30 23:31:06,-1.27,116.83,75.2,94,90,9.17
489,Broken Hill,AU,2020-10-30 23:33:06,-31.95,141.43,55.4,82,90,21.92
490,Saku,JP,2020-10-30 23:32:45,36.22,138.48,42.01,72,6,4.63
491,Adrar,MR,2020-10-30 23:33:07,20.5,-10.07,82.49,16,91,9.4
492,Zaysan,KZ,2020-10-30 23:33:07,47.47,84.87,29.84,92,66,0.98
493,Camabatela,AO,2020-10-30 23:33:07,-8.19,15.38,63.1,100,94,1.92
494,Richards Bay,ZA,2020-10-30 23:33:07,-28.78,32.04,67.89,83,99,14.34
495,Poso,ID,2020-10-30 23:33:08,-1.4,120.75,84.63,61,76,2.98
496,San-Pedro,CI,2020-10-30 23:30:14,4.75,-6.64,77.11,92,40,5.59
497,Lisala,CD,2020-10-30 23:33:08,2.15,21.52,70.66,97,100,0.92
498,Makakilo City,US,2020-10-30 23:30:07,21.35,-158.09,86.0,58,20,16.11
499,Gannan,CN,2020-10-30 23:33:08,47.91,123.5,40.44,66,100,7.07
500,Kalispell,US,2020-10-30 23:33:09,48.2,-114.31,48.99,61,75,9.17
501,Batouri,CM,2020-10-30 23:33:09,4.43,14.37,67.86,94,100,2.46
502,Ludvika,SE,2020-10-30 23:33:09,60.15,15.19,39.99,100,66,4.7
503,Puerto Rondon,CO,2020-10-30 23:33:09,6.28,-71.1,79.02,86,2,5.39
504,Fredericksburg,US,2020-10-30 23:29:02,38.3,-77.46,53.6,71,75,5.88
505,Dongsheng,CN,2020-10-30 23:33:09,39.82,109.98,32.68,75,0,12.86
506,Cedar City,US,2020-10-30 23:33:10,37.68,-113.06,68.0,11,1,6.93
507,Nalut,LY,2020-10-30 23:33:10,30.33,10.85,55.29,83,0,11.74
508,Hermiston,US,2020-10-30 23:30:17,45.84,-119.29,63.0,39,1,25.28
509,Nara,JP,2020-10-30 23:33:10,34.69,135.8,55.0,71,20,1.12
510,Wolgast,DE,2020-10-30 23:33:10,54.05,13.77,50.0,93,98,8.39
511,Saint-Augustin,CA,2020-10-30 23:33:11,51.23,-58.65,27.75,85,0,9.48
512,Yokadouma,CM,2020-10-30 23:33:11,3.52,15.05,70.45,94,87,1.5
513,Smolenka,RU,2020-10-30 23:33:11,52.14,113.5,26.6,73,99,4.47
514,Saint Anthony,US,2020-10-30 23:31:04,45.02,-93.22,43.0,52,1,9.17
515,Ballina,AU,2020-10-30 23:33:11,-28.87,153.57,84.2,65,40,14.99
516,Veraval,IN,2020-10-30 23:33:11,20.9,70.37,77.95,58,16,7.52
517,Naryan-Mar,RU,2020-10-30 23:33:12,67.67,53.09,32.16,95,31,13.65
518,Inyonga,TZ,2020-10-30 23:33:12,-6.72,32.07,70.57,55,99,4.97
519,Aripuana,BR,2020-10-30 23:33:12,-9.17,-60.63,76.71,87,100,0.92
520,Oranjestad,AW,2020-10-30 23:30:02,12.52,-70.03,82.4,88,20,9.17
521,Rocha,UY,2020-10-30 23:33:12,-34.48,-54.33,46.54,86,100,3.78
522,Los Teques,VE,2020-10-30 23:33:13,10.34,-67.04,65.39,100,82,1.43
523,Sokolo,ML,2020-10-30 23:33:13,14.73,-6.12,80.89,16,0,6.26
524,Tigzirt,DZ,2020-10-30 23:33:13,36.89,4.12,65.5,59,0,6.17
525,Narsaq,GL,2020-10-30 23:30:34,60.92,-46.05,24.8,73,40,4.7
526,Vila Franca Do Campo,PT,2020-10-30 23:33:13,37.72,-25.43,69.8,88,75,13.87
527,Zhigansk,RU,2020-10-30 23:33:13,66.77,123.37,-13.32,89,51,0.29
528,Wanaka,NZ,2020-10-30 23:33:14,-44.7,169.15,56.71,81,100,5.3
529,Lixourion,GR,2020-10-30 23:33:14,38.2,20.43,64.31,69,0,5.06
530,Kharp,RU,2020-10-30 23:33:14,66.8,65.81,34.59,94,100,5.61
531,Batsfjord,NO,2020-10-30 23:33:14,70.63,29.72,28.81,93,88,7.96
532,Ancud,CL,2020-10-30 23:33:14,-41.87,-73.82,59.0,58,0,6.93
533,Yeppoon,AU,2020-10-30 23:33:14,-23.13,150.73,80.6,65,75,11.41
534,Sabratah,LY,2020-10-30 23:33:15,32.79,12.49,67.95,65,98,5.44
535,Brownsville,US,2020-10-30 23:33:15,25.9,-97.5,71.6,43,1,10.29
536,Liepaja,LV,2020-10-30 23:33:15,56.54,21.04,39.2,93,46,3.36
537,Talnakh,RU,2020-10-30 23:33:15,69.49,88.4,14.0,78,100,24.61
538,Fuerte Olimpo,PY,2020-10-30 23:33:16,-21.04,-57.87,73.13,62,38,6.33
539,Nema,RU,2020-10-30 23:33:16,57.51,50.5,35.38,93,100,6.67
540,Hambantota,LK,2020-10-30 23:33:16,6.12,81.12,78.35,81,100,6.64
541,Salekhard,RU,2020-10-30 23:33:16,66.53,66.6,34.57,99,100,12.66
542,Ishigaki,JP,2020-10-30 23:33:16,24.34,124.16,73.4,73,75,20.8
543,Komsomolskiy,UZ,2020-10-30 23:33:16,40.43,71.72,37.4,55,0,4.7
544,Samsun,TR,2020-10-30 23:33:17,41.25,36.33,60.8,87,75,3.36
545,Soroti,UG,2020-10-30 23:33:17,1.71,33.61,65.12,90,83,1.74
546,Sibolga,ID,2020-10-30 23:33:17,1.74,98.78,78.3,76,93,2.48
547,Mayumba,GA,2020-10-30 23:33:17,-3.43,10.66,76.23,88,100,3.96
548,La Tuque,CA,2020-10-30 23:33:18,47.43,-72.78,21.2,79,29,1.92
549,Tallahassee,US,2020-10-30 23:32:45,30.44,-84.28,66.2,59,1,4.7
550,Emporia,US,2020-10-30 23:33:02,38.4,-96.18,66.2,37,1,8.05
551,Ellenabad,IN,2020-10-30 23:33:18,29.45,74.65,63.73,28,0,3.62
552,Olafsvik,IS,2020-10-30 23:33:18,64.89,-23.71,40.69,80,26,12.35
553,Kitimat,CA,2020-10-30 23:29:55,54.05,-128.65,44.01,85,100,2.82
554,Ampanihy,MG,2020-10-30 23:33:18,-24.7,44.75,70.77,47,0,5.88
555,Aban,RU,2020-10-30 23:33:19,56.67,96.06,22.42,96,98,8.12
556,High Prairie,CA,2020-10-30 23:33:19,55.43,-116.49,30.2,92,100,13.87
557,Itapecerica,BR,2020-10-30 23:33:19,-20.47,-45.13,67.05,88,99,15.99
558,Asau,RO,2020-10-30 23:33:19,46.43,26.4,43.0,97,82,4.25
559,Songling,CN,2020-10-30 23:33:19,31.19,120.72,59.0,86,1,3.62
560,Beyneu,KZ,2020-10-30 23:33:20,45.32,55.2,44.13,61,24,15.95
561,Tiznit,MA,2020-10-30 23:30:27,29.58,-9.5,70.16,24,0,4.79
562,Awbari,LY,2020-10-30 23:33:20,26.59,12.78,60.66,47,3,10.54
563,Lufilufi,WS,2020-10-30 23:33:20,-13.87,-171.6,80.6,94,90,9.17
564,Westport,US,2020-10-30 23:32:52,41.14,-73.36,39.2,80,90,8.05
565,Uyaan,PH,2020-10-30 23:33:20,7.86,124.04,71.29,92,91,0.47
566,Kalaikunda,IN,2020-10-30 23:33:21,22.35,87.25,71.85,63,51,6.58
567,Bonthe,SL,2020-10-30 23:33:21,7.53,-12.51,78.48,87,39,6.53
